id,title,description,owner_email,repo_url,secret_token
1,Integrate Revolutionary E-Tailers,Partner by choose Congress reduce conference somebody nor still company evening.,greeneandrea@chapman-ryan.com,https://git.internal/william07/floor,HONEY_TJFI
2,Cultivate Bleeding-Edge Solutions,Record fill position remain something guy first behavior staff heart operation rule.,amanda68@baxter.com,https://git.internal/qferguson/may,HONEY_QETP
3,Extend Dynamic Technologies,Well step same idea staff style everything evening city for unit blood.,lthompson@johnson.info,https://git.internal/sanchezamber/police,HONEY_WXNR
4,Enable Proactive Supply-Chains,Back Congress more small yeah world look pressure occur save cover democratic cause none these.,michaelellis@hernandez.com,https://git.internal/christine18/rather,HONEY_WPTX
5,Revolutionize Front-End Networks,Wall recent staff put avoid service every act bad none more morning should image.,princemolly@parsons.com,https://git.internal/johnacosta/level,HONEY_HDOH
6,Expedite World-Class Schemas,Safe check thing everyone key check relate.,brianday@morgan.info,https://git.internal/kylesullivan/PM,HONEY_GFGA
7,Enable Impactful Synergies,Operation walk official trouble may clear light discuss word whether measure section specific everyone executive.,territhompson@parker.com,https://git.internal/jacobsimmons/able,HONEY_UQCG
8,Deploy Viral Relationships,Smile money south side deal ten east source south.,steeleshannon@colon.com,https://git.internal/michellechang/write,HONEY_HYTH
9,Generate Ubiquitous Info-Mediaries,Training because through ability could get cup total.,asmith@hill.com,https://git.internal/morrowmatthew/board,HONEY_VUBT
10,Evolve One-To-One E-Tailers,Speak together big capital window black me ask skin.,bdominguez@newman.com,https://git.internal/edwinperez/can,HONEY_EYAN
11,Drive Magnetic Technologies,Keep movie contain arrive tell feel school consider he claim lot personal.,jasmin44@dunlap-copeland.net,https://git.internal/harperderek/PM,HONEY_KJQF
12,Synthesize Transparent Infrastructures,Happy game environmental season deal activity through notice thank because realize box interesting century.,jmarsh@carroll.com,https://git.internal/ytapia/clear,HONEY_LBOY
13,Matrix Best-Of-Breed Interfaces,Go hand reflect compare page study marriage could learn church suffer tend wait change.,simpsongarrett@nash.com,https://git.internal/hansenroger/itself,HONEY_GXBR
14,Empower Extensible Supply-Chains,Reality page agent write direction seek machine step part ready again detail develop.,michelle99@miller-brown.com,https://git.internal/wcraig/art,HONEY_UENK
15,Orchestrate Wireless Methodologies,Art purpose nearly interest discuss whatever person new top pressure no prevent what skin never.,ehicks@allison.com,https://git.internal/sheila88/lot,HONEY_FZLP
16,Syndicate Out-Of-The-Box E-Tailers,Structure main process food above mention personal speak decide.,martinezlogan@white.org,https://git.internal/jshaw/pressure,HONEY_MPVU
17,Extend Vertical E-Tailers,Whole win century majority red ball also exactly though very describe.,pbrown@walker.com,https://git.internal/arivera/establish,HONEY_AJZF
18,Optimize Web-Enabled Paradigms,Remain of real develop official wrong base husband stand law visit.,stevensscott@young.com,https://git.internal/darrenwilliams/toward,HONEY_NNOE
19,Matrix Killer Niches,Western north about participant current event during method various.,ijohnson@jordan-malone.com,https://git.internal/dsanchez/pay,HONEY_EOYX
20,Target Intuitive Niches,Role allow forget for support apply everyone sea place send.,meganrose@vega-lam.info,https://git.internal/danielleoconnell/compare,HONEY_COGM
21,Revolutionize Integrated Web Services,Whether deep score very do enjoy you long former number chance.,mitchell93@hahn-brown.org,https://git.internal/stephanie48/pressure,HONEY_OZJN
22,Expedite Visionary Supply-Chains,Cause story cause again condition there thus somebody near must trip woman.,bonillathomas@hughes.info,https://git.internal/nosborne/identify,HONEY_QLOB
23,Harness Magnetic Initiatives,Tend federal but shoulder of sense experience friend candidate.,william32@graham.com,https://git.internal/taylorwilson/let,HONEY_AXZJ
24,Synthesize Killer Solutions,Draw hope oil seat value offer require degree north.,parkerjames@mcdowell-mathis.com,https://git.internal/joel62/summer,HONEY_LWBT
25,Grow Customized Roi,House discussion fund front knowledge police person set condition big TV teacher subject movement.,scott86@tucker.net,https://git.internal/robert13/president,HONEY_HNLS
26,Repurpose Cross-Media Infrastructures,Argue guy determine others do firm east small condition notice American behind.,gina16@martin.info,https://git.internal/dbates/kitchen,HONEY_DDNE
27,Integrate Bricks-And-Clicks Channels,Realize institution century time build election offer watch performance entire over range degree.,ereid@moss-huang.com,https://git.internal/andersonmelinda/force,HONEY_AZWS
28,Generate Mission-Critical E-Tailers,Act side professional strategy move keep yes easy.,joanna69@craig.com,https://git.internal/donaldmanning/run,HONEY_YVBY
29,Brand Bleeding-Edge Action-Items,See book base certainly itself teach beyond factor only her system better.,iperez@morris.com,https://git.internal/kbeard/product,HONEY_KAKX
30,Maximize Customized Solutions,Brother concern local bed green dark walk admit movement.,glane@kennedy.biz,https://git.internal/vhall/off,HONEY_SDWW
31,Aggregate Compelling Web-Readiness,Physical seem population live room result condition feeling report experience PM west.,allisonmyers@wong-horn.com,https://git.internal/tylermorris/market,HONEY_JGTF
32,Revolutionize Granular E-Tailers,Wall especially seem plan up subject family sing affect whom live term treatment care.,hmurphy@fitzgerald.info,https://git.internal/samuel52/world,HONEY_QZXI
33,Innovate Compelling Supply-Chains,Foreign leg message say whatever Congress woman protect station form.,xortega@carr.com,https://git.internal/matthewscynthia/argue,HONEY_NXSM
34,Maximize User-Centric Content,Various business garden effort need see military.,krausegail@gray.com,https://git.internal/butlerstephen/every,HONEY_SWPA
35,E-Enable Collaborative Channels,Claim sing question discover pressure turn dinner really cost five forget former north city worry.,bennettallison@ward.com,https://git.internal/mgriffin/lot,HONEY_IVPC
36,Integrate Visionary Action-Items,Day minute visit Democrat million pay yourself contain senior.,william51@gray.com,https://git.internal/linda08/whether,HONEY_SHWY
37,Incubate Interactive Mindshare,Risk lawyer crime attorney never easy administration successful standard only simple.,luismorris@leon-james.org,https://git.internal/douglasmoreno/better,HONEY_ODKD
38,Morph Intuitive Systems,Most sit beat special current perhaps situation look statement least service.,guzmanharold@moore.com,https://git.internal/taylormelanie/one,HONEY_TLHM
39,Incubate Strategic Vortals,Impact town buy family card subject act catch law available.,davisanna@ramsey.com,https://git.internal/amy03/sometimes,HONEY_OHEB
40,Whiteboard Best-Of-Breed Applications,Party TV beat cost wait character artist civil see.,carlaalvarado@gomez.com,https://git.internal/monicahall/well,HONEY_HHYA
41,Harness Frictionless Deliverables,Mean suffer way north finish market firm democratic challenge fight strategy movie clearly.,rodriguezallison@gomez.net,https://git.internal/kelly85/western,HONEY_UQNZ
42,Productize Revolutionary Deliverables,Lot own system mission stock dinner physical.,kthomas@ramirez-payne.com,https://git.internal/jasmine14/check,HONEY_FIRS
43,Expedite Granular Web Services,Nor modern dream partner traditional hotel reflect market.,daniellebarton@pittman-gomez.com,https://git.internal/davisnatasha/six,HONEY_HMKC
44,Grow Best-Of-Breed Systems,Seven rock despite matter front learn alone describe for win imagine seven.,chelsea50@johnson.com,https://git.internal/roykaren/and,HONEY_RVDQ
45,Orchestrate One-To-One Convergence,Low all use despite college happy way water stage hour common administration.,nkelley@nichols.com,https://git.internal/christopher06/exist,HONEY_JOZT
46,Brand Clicks-And-Mortar E-Markets,Wonder may certain push factor national early effort sort.,sarahgutierrez@fuentes.net,https://git.internal/robertwatts/return,HONEY_ULKO
47,Exploit Bleeding-Edge Functionalities,Quite thus which unit against these itself.,garybaker@hawkins.com,https://git.internal/lbuchanan/high,HONEY_NGBW
48,Synthesize One-To-One E-Tailers,Recent laugh mention ball five require right friend environmental describe themselves camera.,sydneywolf@conner.org,https://git.internal/david28/figure,HONEY_LNAV
49,Incubate Bricks-And-Clicks Web-Readiness,Image ahead easy street future put number practice church choice company.,schultzkirk@lee.com,https://git.internal/vturner/use,HONEY_PZWO
50,Re-Contextualize Compelling Supply-Chains,Prevent present common quality shake or her whom.,erin78@reed.biz,https://git.internal/elizabethsims/writer,HONEY_JFGB
