id,name,email,dept,role,phone,join_date,salary,password
1,Jennifer Mays,tammymcdonald@drake-gallagher.net,Ops,Equality and diversity officer,(209)345-8859,2025-04-15,108817,1gA3eDfX#$
2,Amy Nash,johnsonmonica@butler-davis.org,IT,Counselling psychologist,+1-780-316-0669x3257,2024-10-08,205947,2VU(YSgM*v
3,David Montgomery,ashley08@joseph.biz,HR,Diagnostic radiographer,(425)554-4565x80191,2023-09-25,192888,$hOXTrnr47
4,Terri Cook,tmcguire@warren-gonzalez.net,IT,"Designer, fashion/clothing",+1-438-721-3147x0188,2022-12-26,82144,)aXrl6SFX8
5,Michael Chaney,shardy@thompson-wilson.com,HR,Dealer,001-956-658-1774x6100,2022-07-19,199591,gyJvwpmc)4
6,Kelly Hunter,daniellejennings@lucas-walls.com,R&D,Energy engineer,610.628.5901x1407,2025-02-09,33796,Y5bFjsRp)0
7,Renee Hammond,kennethrobinson@wiley.com,HR,Sport and exercise psychologist,991.407.8892x24278,2024-05-29,163314,GloMf9Th%z
8,Luis Nixon,crichardson@hall.biz,R&D,"Designer, multimedia",(870)378-1810x7903,2024-10-18,49801,_5yKTkK&p4
9,Catherine Lawson,bennettkimberly@jones-burns.com,Ops,"Surveyor, building control",(862)703-3914x705,2022-08-23,126386,q38LO2ae(o
10,James Smith,simonbenjamin@gonzales-mosley.biz,Ops,Careers information officer,(660)714-5867x282,2023-05-09,162339,&0y_&HNy_&
11,Teresa Stanton,rjohnson@roach-taylor.com,Ops,Event organiser,669.524.4720,2022-07-26,59443,GT9D%nw+f_
12,Susan Perez,stanleydavis@alvarez.com,Ops,"Therapist, speech and language",(538)378-3049,2025-09-13,136437,B%SZ7Yt6E_
13,Diane Molina,denisemartinez@mata.org,R&D,Futures trader,(382)910-1480x809,2025-02-12,122370,xk6p8Jjvr#
14,Ashley Hicks,katrina55@moreno.com,IT,Air traffic controller,568-298-7251,2022-01-11,146195,##0FfPfy0c
15,David Mitchell,patrick42@anderson.net,Ops,Publishing copy,001-867-515-0110x048,2025-06-14,112638,gG9Z7SBf$6
16,Garrett Taylor,moorechristina@moore.net,Ops,Ecologist,(921)981-6558x9444,2025-07-22,240831,*8Vc!#61&V
17,Theresa Schneider,leon11@spence.com,R&D,Dancer,(490)475-5044,2021-10-09,35170,W39Nug*1#r
18,Randy Lane,randalldarryl@wang.com,R&D,IT consultant,466.682.4346x9638,2024-11-03,39141,(+K5B4lw#j
19,Kayla Parker,anthony80@king-rivera.com,Ops,Marine scientist,+1-292-471-8328x6505,2023-05-05,118639,%6nF##Sq5X
20,Carl Castro,sking@simmons.com,HR,Sub,+1-713-442-9658,2022-09-08,53750,y+!XEtv@%2
21,Christie Schmidt,wmiller@jones-schneider.net,IT,Toxicologist,245.602.8831x4632,2024-12-03,133198,!6+E)qrq9$
22,Pamela Marshall,tammynewton@cannon.com,IT,Glass blower/designer,+1-885-485-3695,2021-03-17,78748,zP)W6xRkGv
23,Troy Mata,burgessmary@martin.org,R&D,Chartered legal executive (England and Wales),3933683885,2025-05-09,139053,eJ3udSrdm#
24,Stacy Cook,dakotacampbell@duncan.com,IT,Risk manager,(387)237-0698x8846,2021-01-05,85300,519AJ5!hC&
25,Jennifer Payne,elizabethking@kline.com,Ops,Civil Service administrator,(730)593-6964,2023-07-05,111973,A()&5Qkhnl
26,Barbara Fitzgerald,howelltina@parker.biz,HR,Museum/gallery exhibitions officer,392.680.6891,2021-03-30,20339,r#Q5ShTD^#
27,Savannah Juarez,jorgewilkerson@reeves-mccoy.biz,R&D,"Administrator, sports",594.856.0699,2021-05-09,93083,bx9yQci)4#
28,Joseph Franklin,kperez@woodward.org,R&D,Theatre manager,(242)383-5748x25925,2020-10-01,48125,&9E^jDXx&V
29,Sierra Cobb,markholden@olson.net,R&D,"Engineer, energy",001-275-618-8807,2025-01-21,187494,+IGV)0Xuw5
30,Veronica Greene,rodriguezmeredith@hall.com,Ops,Accounting technician,740-697-3542x989,2021-08-01,218510,+5+1Qp$j#K
31,Karen May,jennifergarcia@robinson-dominguez.com,Ops,Horticultural consultant,6754107662,2025-07-28,35136,#F5T7wTj_X
32,Emily Martin,vcook@hernandez-porter.com,Ops,Ophthalmologist,+1-682-714-8910,2025-01-31,20943,J&lj8cocWK
33,Linda Roach,mendezjonathan@murphy.com,Ops,Veterinary surgeon,001-860-403-4421x36894,2023-03-03,55672,wtB5VXYjq_
34,Richard Horne,murphylisa@woods-gonzalez.org,IT,Pension scheme manager,+1-669-268-7174x564,2022-09-25,156941,acW&11Pebq
35,Kimberly Blair,lrhodes@walton-dunn.com,R&D,Pharmacologist,821.227.1682x11586,2021-11-27,146565,Rx9YwY5jX_
36,Tina Barnes,lsalinas@smith.com,R&D,Tour manager,+1-832-244-7280,2022-08-28,45094,@4lXP7hj+7
37,Holly Castillo,rebecca04@hill.info,IT,Community pharmacist,398-574-0807,2023-05-08,184452,$K3aKtvjag
38,Chris Miller,doyledanielle@powell.com,R&D,Broadcast presenter,(731)977-8958x7186,2024-04-21,228588,$7HqIx9Mu3
39,Stephanie Guzman,teresajones@robinson-williamson.com,R&D,Records manager,409.526.3573,2024-09-15,36633,T6bGcul@*z
40,Anthony Chen,matthewbradley@hardy.net,IT,Automotive engineer,(531)471-1402x4508,2022-01-12,241600,@7Qr6Qwz#q
41,Jocelyn Moore,deborahadams@schultz.info,R&D,"Biochemist, clinical",901-211-1653,2024-11-19,179188,$WjNW+f(7K
42,Katherine Smith,michael61@rose.com,R&D,"Surveyor, hydrographic",492-828-8049x562,2021-12-22,136861,*gLLlqLcz9
43,Tim Davis,jennifercampbell@shaffer.com,R&D,"Geologist, engineering",702-816-4943,2022-10-13,163168,(ab#)9MjB8
44,Shaun Page MD,brownashley@walker.info,IT,Pensions consultant,+1-313-678-2116,2024-10-27,202700,_Bz!ZMHds2
45,Tiffany Fields,martinchristy@silva.info,IT,Financial adviser,8959680403,2022-05-27,176339,bvd4RIGcU%
46,Jennifer Foster,waltersvictor@richards-roberts.net,HR,Multimedia specialist,446.710.2756x846,2023-09-04,30592,s@9BSDemt$
47,Andrew Hodges,kayla70@cunningham-rodriguez.com,HR,Quarry manager,7402657955,2021-04-25,149966,)EOOnwdD1v
48,Andrea Webb,rflores@diaz-allen.com,IT,Illustrator,001-897-839-6348x916,2022-10-24,20829,sF0e!oSiT@
49,Briana Wolfe,crawfordsamantha@myers.com,IT,Ranger/warden,+1-507-659-0535x84906,2024-04-16,138830,@6Y6u8jerU
50,Roy Buchanan,erin68@hayes-harris.com,HR,Call centre manager,925.315.8372x254,2025-07-15,179952,s^7Lt58o$u
51,Teresa Fuentes,xbanks@glenn-perez.info,Ops,Product/process development scientist,001-345-507-7662x632,2025-04-19,147846,qU!0AVv6P_
52,Linda Davis,thomascastillo@valenzuela-collins.net,HR,Leisure centre manager,+1-363-452-5644x8042,2021-07-10,182730,A^4$@VwzWN
53,Terry Edwards,william85@morris.com,HR,Equality and diversity officer,001-568-964-2394,2023-10-22,228477,8*Yer4dj&1
54,Elizabeth Oliver,jhodge@simmons.com,IT,"Horticulturist, amenity",5838541297,2025-03-29,217745,9@9EKMl_8y
55,Mackenzie Williams,rebeccareyes@thompson-hall.info,R&D,"Engineer, civil (contracting)",991.568.5489x33885,2022-05-16,74332,64aawMFl*L
56,Nicole Holland,contrerasleah@frye-burton.com,IT,Research scientist (physical sciences),(485)235-3096x37377,2021-02-05,86190,io01)zHrp(
57,Kathleen Boone,asexton@avila.com,R&D,Air traffic controller,(268)205-1504,2022-08-26,210051,$hLiaVkUJ3
58,Mark Murray,sabrina69@lee-garcia.com,R&D,Health and safety inspector,(602)608-4600x790,2022-10-19,235351,Mz+5LQLd9n
59,Joanna Martinez,imiller@parker-murphy.com,HR,Barista,(301)268-6244x3509,2022-03-22,120595,$jQvNnLh8%
60,Amber Nunez,lucas96@francis.net,IT,Medical illustrator,001-576-379-6393x175,2022-12-29,54775,@13LnZtmbr
61,Erin Nicholson,justin02@wilson.com,R&D,Merchant navy officer,+1-259-735-2845x2911,2025-01-27,41084,*COTGzZki6
62,Michael Knight,awalters@holland.biz,Ops,Physiotherapist,274.213.3468x035,2024-01-04,194091,GKV)9TKoB#
63,Cheryl Harmon,bryantheather@hayes.com,Ops,Hospital pharmacist,8919866755,2023-02-20,246506,S0lXLFmm@3
64,Zachary Lawrence,julie37@stokes.net,IT,"Surveyor, planning and development",875-817-1440x61327,2023-02-06,237526,^%9)oAUeit
65,Gary Martin,martin01@wallace.com,R&D,"Runner, broadcasting/film/video",777-341-6946,2024-03-03,219769,+9&3DHDkl)
66,Alexis Smith,nicholas47@williams-stephenson.biz,IT,Warehouse manager,730-906-5539x481,2023-11-12,28411,_u4HaNwO+!
67,Andrew Olson,abbottjoshua@duke.com,Ops,Acupuncturist,+1-297-423-3460x78033,2021-05-05,122761,%KNOk53Bf6
68,Nicole Cooper,jamesmoody@archer.biz,R&D,Local government officer,+1-743-643-2962x82771,2022-10-05,184412,+53wnBjBu^
69,Joseph Rivera,juliecook@hampton.com,IT,Probation officer,800-560-4464x6625,2021-05-03,227350,2s79Xp4RU)
70,Janet Smith,paulcarter@harvey-clark.org,R&D,Materials engineer,+1-918-317-6970x671,2021-12-01,121258,KOo*1R0clF
71,Jesse Davis,gallagherdavid@weber-brewer.biz,Ops,Clinical biochemist,379-778-8146,2021-12-28,43152,!wKYaphi6i
72,Austin Weeks,mendozamartha@ross.com,IT,Actor,001-531-572-8071,2021-08-18,57588,$@Hu!(_x0y
73,Robert Vargas,carolyn04@brown.com,IT,Sport and exercise psychologist,417-259-6705,2023-09-01,118226,a9vVC(M3#(
74,Jennifer Washington,lrichard@mills-johnson.info,IT,Magazine journalist,701.966.0294,2024-10-23,192591,*z@V&Qd3I8
75,Thomas Liu,richard50@smith-miller.com,HR,Proofreader,+1-646-603-4727,2023-08-24,107995,*5t0FW5x)i
76,Roy Lang,reaton@hoover.info,Ops,Barrister,398-678-5417x7582,2021-06-25,189428,G!9i&YVeFF
77,Isaiah Adams,tgrant@gregory-williamson.com,HR,"Buyer, industrial",406.766.0390x15285,2022-08-19,57460,7)Svuu7W_7
78,Abigail Lopez,gillhannah@rogers.com,IT,Physiotherapist,7702397056,2021-03-01,207009,B9KFdmGq@3
79,Shelley Dixon,reidnicole@simpson.biz,R&D,Holiday representative,332-749-4163,2022-10-24,180502,@1%&FbEvyy
80,John Dyer,aaron81@rice.info,IT,Cartographer,+1-666-408-2162x7827,2025-07-19,220638,r$Hde$8z!E
81,Matthew Richardson,cynthiawhite@hunter.info,HR,Multimedia specialist,324.756.0513x0973,2024-10-19,191080,zA_5Qelaj)
82,Karen Nichols,ortegacourtney@torres-long.com,IT,Games developer,001-803-376-8804,2023-01-22,83989,$6HLzaUwav
83,John Hernandez,cabreraangelica@howell-berry.com,IT,Broadcast journalist,920.904.6034x92938,2023-05-23,83303,i3qVjVYr#_
84,Kyle Murphy,donaldhuynh@carlson-young.com,Ops,Equities trader,(580)505-0704x73102,2023-01-19,127238,G$O7jK^yIS
85,David Rodriguez,stephaniehughes@rodriguez.com,HR,Estate manager/land agent,4347070195,2023-03-05,25324,d&0Pd_nkG1
86,John Jacobs,edwardnguyen@stout.com,R&D,Health promotion specialist,(917)674-5040x28790,2021-12-12,24654,(9+%Iu6Eav
87,Michelle Mcgrath,caseyoconnor@allen.biz,HR,"Administrator, arts",(515)630-9047x91215,2021-12-23,139819,*(2yHbXs5U
88,Joseph Rangel,regina66@carey.com,IT,Insurance broker,+1-671-971-1207x0139,2021-01-14,137115,W@2*oNhCv*
89,Stacey Brown,eatonpatrick@lee-harrison.com,Ops,"Engineer, control and instrumentation",+1-804-902-6566,2023-10-15,190645,P86pIiNc*&
90,Heather Gomez,ianbailey@miller.net,IT,"Geologist, engineering",559.247.9148,2021-02-18,172841,qHUUZ9vU$2
91,Calvin Taylor,lshea@bennett-pierce.com,IT,"Engineer, production",(903)391-0990,2023-03-29,225584,_37+8Z_z6Y
92,Justin Morgan,phillip96@rubio-king.com,R&D,Public affairs consultant,001-363-679-8709x1754,2024-06-16,196324,0)^R9rMp$b
93,Michael Gilbert,fischerbrian@gonzalez.com,R&D,"Engineer, building services",(960)835-5352x30400,2022-12-20,86389,+@0WTaDB!E
94,Anthony Turner,xgraham@reilly.com,R&D,Acupuncturist,001-692-845-2852,2025-01-14,30895,UZNVJeL(#3
95,Stephen Rodgers,paulhenderson@stevens.com,R&D,Research scientist (medical),+1-631-845-2567x5823,2023-02-18,172770,5fN_#I@R)6
96,Christy Michael,deborahcardenas@ellison-harris.info,R&D,Magazine journalist,(711)444-7235,2023-11-08,51625,!9ZwP9PJvm
97,Jessica Pennington,amber55@carr.info,HR,Operational investment banker,+1-537-970-2579,2021-02-21,62440,*j2UqO*!cP
98,Elizabeth Hansen,hwagner@dillon.com,R&D,Senior tax professional/tax inspector,298-641-0745,2025-07-23,118578,tt8QqXq(+*
99,Scott Dyer,rodney09@thompson.com,R&D,Soil scientist,9697659127,2025-07-03,175870,^)EKz30Qg2
100,Nicholas Snyder,cgomez@martinez-soto.org,HR,"Engineer, mining",503.455.8885x76084,2022-01-12,131128,hOU%MCZh@5
101,Michael Lucero,tperkins@tyler-donovan.com,HR,Personnel officer,+1-479-684-6018x3782,2024-10-02,65891,)C9imNro+5
102,Derek White,christophermartin@maxwell.com,Ops,Geochemist,393.827.7930x8222,2021-08-19,225326,1V67Q@d+Z^
103,Kevin Matthews,smorrison@bennett.com,Ops,"Buyer, retail",760.340.1254x260,2023-04-04,207543,Q7UUztpb@U
104,Jaime Ramirez,ramirezlarry@price.com,Ops,"Teacher, music",592-639-8968x5472,2022-06-04,46667,&943+$Hga@
105,John Chapman,areyes@thomas.org,R&D,"Research officer, political party",311-455-4796,2022-01-30,208552,7kdh5tB%i+
106,Edward Pineda,anthonywillis@byrd.com,R&D,Chartered public finance accountant,(987)689-3207x01448,2024-09-21,69397,wO08B$Uh^+
107,Ricardo Brown,lreed@holland.net,Ops,"Geneticist, molecular",001-585-799-4976,2023-03-29,59881,!0#!*Bx*WZ
108,Reginald Turner,brian09@johnson-ellis.net,HR,Meteorologist,979.377.7371,2024-09-25,160180,13CjEkXv_g
109,Andrea Osborne,julie97@knox-pena.com,IT,"Teacher, secondary school",(689)542-3464,2025-04-30,174341,gOo3DEbc^Y
110,Scott Powell,deborahmcclure@weaver.com,IT,Media buyer,+1-621-634-3358,2024-08-27,183402,^4+SchV(*k
111,Laura Contreras,james24@mcmahon.com,IT,"Education officer, environmental",(219)435-8907,2021-01-04,224942,hMs5Rj2S%2
112,Misty Castro,ashley66@robinson-davis.com,Ops,Quality manager,001-577-499-6657x43246,2020-09-18,223238,$SIR6i4k0@
113,George Perry,danielle46@foley.com,IT,Technical sales engineer,5149599588,2022-08-24,192670,A)(n7NtbI5
114,Tristan Murphy,zgardner@johnson-payne.com,Ops,"Psychologist, educational",420.967.1048,2025-09-18,226430,@4)RnvLema
115,Dorothy Barker,keith10@valenzuela-todd.com,IT,Clinical psychologist,3198560029,2021-05-12,138008,*j7YJ^9f5^
116,Andrea Johnson,thomasmary@johnston.com,R&D,"Journalist, newspaper",001-305-754-6961x68102,2021-02-09,233122,%EQ3*UqT7E
117,Reginald Brock,carriebriggs@rivera-sullivan.info,R&D,Airline pilot,824.959.1226,2022-06-13,191905,fU9EX(sCn(
118,Kyle Friedman,zmcgee@rivera.net,HR,Comptroller,(987)765-3437x5790,2022-01-31,124644,LRI*M6n!&6
119,Michael Moore,michael21@duran.org,IT,Commissioning editor,682.823.2432x6020,2024-06-16,186697,HPu2D5Sj(6
120,Brittany Sullivan,garciachristopher@stephens.info,HR,"Programmer, multimedia",790.387.8937x763,2024-11-03,178635,$zTXw6)g1Y
121,Jennifer Bryant,amyers@taylor.com,Ops,Air broker,966-566-4006x39340,2021-05-07,55345,*o2&z&FL79
122,Lauren Hill,erinnewton@glover.com,IT,Careers adviser,+1-816-289-9956x865,2020-10-05,68677,50_5V@Ze)&
123,Nancy Rubio,wilkinslindsey@richards.biz,R&D,"Administrator, charities/voluntary organisations",895.665.1668,2023-09-21,163160,)1sjENseN2
124,Deborah Esparza,morganrodriguez@thornton.net,Ops,Psychiatric nurse,001-965-629-2148x2301,2024-05-12,204971,uS)8bFfb*5
125,Michael Frey,cphillips@peterson.com,IT,Education administrator,851-744-6555x88492,2023-05-31,132551,qp$3%wMv)T
126,Brett Cardenas,imacias@lopez.com,Ops,Production engineer,001-441-643-3536x43267,2022-08-15,204294,fV66cPdsY_
127,Janet Hernandez,richardmelvin@miles.com,R&D,Geoscientist,241-661-3547x195,2021-03-11,85383,2BSRtG3n$1
128,Matthew Lyons,roberthall@morris-hernandez.org,HR,Glass blower/designer,408.412.3620x669,2023-10-18,73826,@6I2fe&ABT
129,Joshua Morgan,manuelholloway@robertson.com,HR,"Exhibitions officer, museum/gallery",+1-746-919-0370x0889,2023-12-20,162054,2c1RG6R1^z
130,Rachael Decker,nhooper@jones.com,R&D,Tour manager,5844637545,2023-07-29,90153,^5J9ns(KQ8
131,Samantha Hopkins,lewisjoseph@nicholson-herrera.com,IT,"Therapist, horticultural",+1-376-391-7708x9582,2024-05-25,50155,&FM5PT3p&7
132,James Hill,riversnicholas@short.biz,IT,Corporate investment banker,+1-577-989-7152x5670,2022-09-12,106673,(8zHQDlk*n
133,Tammy Richardson,manuelcampbell@hunt.com,HR,Insurance underwriter,566-558-2166x77653,2023-01-19,208250,g!8Kbh#0GC
134,Tamara Cook,scott05@barnett-spears.com,IT,"Engineer, water",001-565-346-3217x202,2025-06-07,79224,V6Nd1X(g%(
135,Thomas Curtis,donna79@harrell.com,R&D,"Engineer, structural",232.357.5038x81431,2022-01-17,177149,#c$BWPEp%0
136,Robert Larson,usilva@thomas.com,R&D,Control and instrumentation engineer,703-479-1124x29534,2025-01-18,108086,m^@1zP2id*
137,Penny Henry,chelsea71@brown.com,Ops,"Physicist, medical",(686)225-3329x92479,2023-06-10,83359,N)TB7LOuaN
138,Teresa Oliver,vgreene@rodriguez.org,IT,Social worker,(634)800-8218x94570,2024-01-09,166230,SL0q5NWpN^
139,Ricardo Diaz,frances26@robinson-brown.com,HR,Aid worker,+1-816-463-8001x349,2025-03-15,216334,#PBXMb0z63
140,Henry Weaver,xwright@smith.com,R&D,Mining engineer,(273)721-4838x5749,2023-06-08,232881,+A$ElfiFl9
141,Stephen Cook,wisestephanie@martin.com,IT,Writer,866-399-3558,2024-08-15,218054,wYkhuVmb+5
142,Mary Orozco,jwalsh@nichols.biz,HR,Hospital doctor,3468605978,2022-05-21,33534,&ryn4xYx9Z
143,Mary Dorsey,bonnie16@marshall.biz,IT,"Engineer, land",(613)993-8466x0043,2023-08-19,181135,**9CIte82I
144,Mario Ibarra,phillipsjason@pierce.com,Ops,"Teacher, English as a foreign language",859.898.3675,2025-07-15,62991,4)T9UGj^o#
145,Jill Johnson,vholland@lopez.info,IT,Dramatherapist,(426)932-2640x76970,2021-08-14,43265,_TfQ*tdeD3
146,Sarah Edwards,flowersjoseph@davis-martinez.com,Ops,Mining engineer,(324)919-9328,2023-04-30,165776,(3R$HbvW$o
147,Crystal King,smalltracy@foster-flores.net,Ops,Toxicologist,200-977-0037,2020-10-21,137382,ZUaq3L4ks!
148,Randall Watson,marissa06@adams.com,Ops,Chartered accountant,6993093098,2020-12-02,187691,@H4Po+kxx6
149,Peter Duncan,cortezdebra@clayton-hickman.com,HR,"Buyer, retail",(771)393-7318x22511,2024-03-30,243871,%fDO)fFHU1
150,Ashley Simon,balvarado@alvarez.com,IT,Bonds trader,001-496-857-9828x946,2021-03-30,104178,%8RrLFi6w#
151,Adrian Patrick,megan43@garrison.com,Ops,Information systems manager,389.252.5300x0858,2021-12-11,25462,^0&aUhUtk4
152,Courtney White,acostatimothy@dillon.biz,IT,Brewing technologist,001-329-780-3740x98803,2022-03-04,110183,+5XrMrL_#5
153,Meghan Cole,zruiz@garcia.info,Ops,Community arts worker,(760)475-5949x56353,2023-11-01,32591,_2oVqxE0^s
154,Debra Houston,robleskimberly@brown-smith.com,IT,Surgeon,001-768-662-2870,2021-07-20,46239,AJ5msVYrM%
155,Wendy Smith,jordan04@carroll.biz,R&D,"Surveyor, hydrographic",001-860-894-7402,2024-08-27,78646,*C6NqbyL0&
156,Clayton Ware,rogersdavid@sandoval-arroyo.net,R&D,Bonds trader,851.214.4206,2023-08-20,39178,+4kH1V&MKm
157,Dr. Linda Gray,edwinwagner@phillips.com,IT,Midwife,817.845.4243x1506,2022-01-11,150996,M3Vj6VfhI(
158,Shari Ramsey,dianafuller@martinez.info,R&D,Sports development officer,881-442-7061x671,2024-04-30,131587,m%A4rR5B_t
159,Mark Neal,laurenstevens@howard.biz,IT,International aid/development worker,001-436-459-5724,2024-07-01,57979,c96fGik)#&
160,Alexandra Li,romeroryan@ruiz.org,R&D,Contracting civil engineer,(906)548-7948x329,2022-07-30,247405,Ps9hC5q98&
161,Elizabeth Hart,sarahtodd@ortiz-jackson.com,HR,"Buyer, industrial",(565)700-8773,2021-09-13,97721,&!4CWps2wg
162,Richard Pearson,gary51@bell.info,IT,Data scientist,+1-505-958-0350x930,2025-05-20,30572,Hh4A9Fmz(^
163,Caitlin Smith,mariagiles@stephens.com,IT,"Accountant, chartered public finance",001-278-706-5915x8939,2025-01-14,134708,%)(Xi3Htbk
164,William Green,davisjoseph@lawrence.com,HR,"Scientist, water quality",457.465.8913x9023,2025-08-11,159450,*FNRndt814
165,Harold Ford,elara@kelley-hamilton.com,IT,Hotel manager,362-771-8781,2021-02-03,187290,7^(%9GlkJQ
166,Shane Powell,dennisvaughn@sanchez.com,HR,"Civil engineer, consulting",(912)390-1018x90454,2020-12-19,181721,N2lX&crv&d
167,Julia Rich,hannah73@anderson-gonzales.com,Ops,"Lighting technician, broadcasting/film/video",001-943-208-4933x11026,2022-05-12,62870,c)3sIppwgC
168,Sydney Molina,caitlinlin@willis-tran.com,Ops,Insurance claims handler,672.726.1739x163,2025-01-14,236971,15_vVoKG%P
169,Tanner Horn,melaniegarcia@arroyo.net,IT,Waste management officer,001-783-825-1567,2025-04-27,113122,(8DCS&xFwU
170,Christopher Brown,shannon53@morris-young.com,HR,Jewellery designer,608-781-1908,2022-01-02,97292,+y6DGItgvl
171,Caitlin Barker,jenna02@washington.biz,R&D,Television production assistant,(946)266-3951x024,2021-02-05,122613,epUE5o)C_5
172,Joseph Robertson,qwilliams@harris.com,IT,"Designer, fashion/clothing",626-350-9398x1751,2022-10-28,88120,&bL9AMYn*6
173,Robin Morris,ginagonzales@hayes-jones.org,IT,Health promotion specialist,(289)628-3024x331,2024-05-25,228441,*HD9Hb&*c%
174,Daniel Rogers,craig51@young.com,Ops,Recruitment consultant,447-300-5812,2025-01-07,103460,#)KZBGCnd7
175,Paula Murphy,emartin@carter.com,IT,Secretary/administrator,+1-740-738-2912,2021-06-22,45469,#wz53Wkdj#
176,Dylan Martin,wduke@wright-allen.com,IT,Ceramics designer,001-443-530-6147x40481,2022-11-13,37757,rrA3J%Zne$
177,Matthew Cervantes,markkramer@crawford.org,HR,Civil Service fast streamer,001-659-495-4988,2024-01-06,47884,)0+H2CumTb
178,Jeffrey Richardson,bowersdestiny@fisher.com,R&D,Water engineer,(961)504-8113x966,2021-07-21,97684,^zlUP*8lQ8
179,Crystal Rhodes,bfischer@webb-davis.com,Ops,Interpreter,311-511-3896x4165,2023-03-12,127083,j^7%0QEr)P
180,Connor Gomez,logan77@clark.com,R&D,Bonds trader,241.756.6115,2021-03-06,166735,+5kFJa0!vc
181,Wesley Velez,kimberlylee@allen.com,Ops,Rural practice surveyor,2569024823,2023-09-04,137579,*$fY*1Dx+M
182,Kenneth Casey,kjohnson@garcia.org,Ops,"Sound technician, broadcasting/film/video",857-343-4332x377,2022-03-21,201456,0*I)4vin$$
183,Amy Burke,emily00@snow-anderson.com,Ops,Operational investment banker,+1-694-779-0182x663,2022-10-26,148371,M!5NyWzAT^
184,Steven Carrillo,adamnelson@gomez.org,Ops,Personnel officer,372-691-2573x36368,2025-05-27,165403,j&M7Vy)q9U
185,Cindy Hoover,veronica08@humphrey.com,R&D,Environmental manager,743.792.9809x524,2023-12-03,215272,+07Ld)^tqp
186,Ryan Soto,owenssarah@sullivan.com,Ops,"Runner, broadcasting/film/video",+1-425-701-9004x73623,2022-01-16,32601,@b^MO1FiUw
187,Charles Barr,donna50@fitzgerald-strong.com,R&D,Chartered certified accountant,+1-887-782-0861x42223,2022-09-01,88383,_Nq^epGuy3
188,Angel Martinez,steven91@fitzpatrick.net,HR,Broadcast engineer,612-671-6715x3988,2023-02-16,165195,&47aE*aDp)
189,Cody Drake,heidimills@cook-rosales.com,HR,Horticultural therapist,+1-585-844-9715x6320,2023-03-31,34877,K+1R$6Zg2c
190,Mrs. Jennifer Schwartz DDS,mosleycourtney@elliott.org,IT,"Designer, jewellery",513.544.5149x30507,2022-05-14,29963,K*eW0LBlD1
191,Mary Anderson,samantha16@reid-fleming.com,Ops,Fish farm manager,2037301781,2021-12-30,81144,*1N7u+l^lS
192,Andrew Hopkins,fmahoney@mcdonald-singh.com,IT,Medical secretary,957-624-4819x8347,2023-03-10,173749,2dWT$SWw_!
193,Ashley Johnson,landrymatthew@wagner.com,IT,"Accountant, chartered",616-825-4091x502,2020-11-07,76989,yPXMFsKv$7
194,Justin Jennings,brooksanthony@bishop.info,HR,Health promotion specialist,3573212554,2025-02-25,192896,#%CIPRe3q0
195,Kurt Guzman,caleb57@powers-bass.com,IT,Information systems manager,476.829.0324x4024,2023-07-15,153835,#99q(Hxv#A
196,Christian Sanchez,rhondalewis@young.net,Ops,Careers information officer,6553069609,2023-12-25,169726,_0x_3SApYZ
197,Carmen Walker,mlee@davis.com,HR,"Doctor, hospital",915-826-8961,2021-02-20,225944,(gs9ZpRGVh
198,Michelle Richardson,brewertracy@snyder-walker.com,R&D,"Administrator, charities/voluntary organisations",(648)679-4676x31866,2023-05-24,95277,*4FY7s$nX&
199,Mrs. Julia Cardenas,kcasey@edwards.net,Ops,Town planner,646-289-8926,2022-02-23,22325,*8v5NXnT+e
200,Anna Brown,rodriguezconnor@irwin.com,HR,Forensic scientist,717.825.8089,2020-12-02,116821,57NUa)^Z!h
